column,model,forecast_type,mae,mape,seed_size,forecast_length
1,arima_v3,recursive,0.07336440175000006,49.15482265441717,30,596
1,naive,recursive,0.07477119226788687,48.98312942871431,25,601
1,arima_statsmodels,recursive,0.10426072529636153,130.04267083965496,30,596
1,gbm,recursive,0.07269717349826389,50.69220781889903,50,576
1,tft,recursive,0.07269717349826389,50.69220781889903,50,576
1,nbeats,recursive,0.07340835706761566,51.99245837789298,64,562
2,arima_v3,recursive,0.2587736250864243,70.45358740335695,30,596
2,naive,recursive,0.24190635598169719,65.01302355983634,25,601
2,arima_statsmodels,recursive,0.49540381702274583,153.3252141104468,30,596
2,gbm,recursive,0.24800317236631944,66.26033616376867,50,576
2,tft,recursive,0.24800317236631944,66.26033616376867,50,576
2,nbeats,recursive,0.24982251584697507,66.6017519513042,64,562
3,arima_v3,recursive,0.16254543300541013,11734.08980557544,30,596
3,naive,recursive,0.12073846871214641,3459.7239812345247,25,601
3,arima_statsmodels,recursive,1.286092796855916,112463.61701804727,30,596
3,gbm,recursive,0.10184497683854167,3146.460015591496,50,576
3,tft,recursive,0.10184497683854167,3146.460015591496,50,576
3,nbeats,recursive,0.11197987388434164,6492.917187911941,64,562
4,arima_v3,recursive,0.8605792928072303,84.41053722940384,30,596
4,naive,recursive,0.8436445631430949,82.0999483806501,25,601
4,arima_statsmodels,recursive,1.0740121884269767,128.96580108019958,30,596
4,gbm,recursive,0.8821373729079861,85.25369153004846,50,576
4,tft,recursive,0.8821373729079861,85.25369153004846,50,576
4,nbeats,recursive,0.905233671786477,87.42855485145255,64,562
5,arima_v3,recursive,0.08891791137803245,315.44497618261556,30,596
5,naive,recursive,0.0881368942795341,313.8802358996327,25,601
5,arima_statsmodels,recursive,0.09517573923800772,291.8091371470635,30,596
5,gbm,recursive,0.09187475377083333,329.40458463132404,50,576
5,tft,recursive,0.09187475377083333,329.40458463132404,50,576
5,nbeats,recursive,0.09403608953736654,341.39296281923396,64,562
6,arima_v3,recursive,0.2963153372235738,65.96614355519144,30,596
6,naive,recursive,0.29848526919633944,66.57570473746489,25,601
6,arima_statsmodels,recursive,0.1514439547570801,73.41346854019288,30,596
6,gbm,recursive,0.2986602993072917,66.92355017534857,50,576
6,tft,recursive,0.2986602993072917,66.92355017534857,50,576
6,nbeats,recursive,0.30429736172064054,68.45739719663374,64,562
7,arima_v3,recursive,0.24516168779667602,95.8430474144093,30,596
7,naive,recursive,0.24389395295008318,105.42802547677047,25,601
7,arima_statsmodels,recursive,0.27126828331282604,292.35202717739764,30,596
7,gbm,recursive,0.2534469295503472,98.02092492544628,50,576
7,tft,recursive,0.2534469295503472,98.02092492544628,50,576
7,nbeats,recursive,0.2599824819074733,99.1702825496721,64,562
8,arima_v3,recursive,27201.459919985497,8737266.31594747,30,596
8,naive,recursive,0.2045489184925125,82.06808260099746,25,601
8,arima_statsmodels,recursive,1.2053207091173925,1048.401292380384,30,596
8,gbm,recursive,0.18396969946527778,139.1850827564685,50,576
8,tft,recursive,0.18396969946527778,139.1850827564685,50,576
8,nbeats,recursive,0.1908695905871886,158.86514121822503,64,562
9,arima_v3,recursive,5.395843650628772e+22,3.8628892743200646e+25,30,596
9,naive,recursive,0.15815187268219633,1082.4602433856776,25,601
9,arima_statsmodels,recursive,0.11548086812316623,846.1391954487833,30,596
9,gbm,recursive,0.15652738091493057,447.2614117734043,50,576
9,tft,recursive,0.15652738091493057,447.2614117734043,50,576
9,nbeats,recursive,0.1558103533914591,125.25113204376765,64,562
10,arima_v3,recursive,0.18071776186870794,262.1582838970612,30,596
10,naive,recursive,0.17856303420798667,257.37669849674415,25,601
10,arima_statsmodels,recursive,0.21961306989752152,366.0875503252532,30,596
10,gbm,recursive,0.19457129349652777,300.7276357285681,50,576
10,tft,recursive,0.19457129349652777,300.7276357285681,50,576
10,nbeats,recursive,0.21527897838434162,367.5586352724919,64,562
11,arima_v3,recursive,0.2191461593826014,64.2644015159247,30,596
11,naive,recursive,0.21369584906322792,62.89974735220529,25,601
11,arima_statsmodels,recursive,0.4304104750211271,149.0718494848969,30,596
11,gbm,recursive,0.23368475768229166,68.65963923326424,50,576
11,tft,recursive,0.23368475768229166,68.65963923326424,50,576
11,nbeats,recursive,0.23999349884163704,70.55894212129033,64,562
12,arima_v3,recursive,0.28087749938213086,279.45873893483594,30,596
12,naive,recursive,0.2792847697404327,285.01050668264736,25,601
12,arima_statsmodels,recursive,0.26026391002317956,190.38867778969149,30,596
12,gbm,recursive,0.28424014301041667,219.82792547523889,50,576
12,tft,recursive,0.28424014301041667,219.82792547523889,50,576
12,nbeats,recursive,0.28459185440925266,150.43989474123867,64,562
13,arima_v3,recursive,2578579.805696676,13582726882.871199,30,596
13,naive,recursive,0.08220086729284526,536.359253487294,25,601
13,arima_statsmodels,recursive,0.6049713617172318,2697.4772857078365,30,596
13,gbm,recursive,0.08066912604340278,243.34892824699625,50,576
13,tft,recursive,0.08066912604340278,243.34892824699625,50,576
13,nbeats,recursive,0.08353189260676155,147.85797752656586,64,562
14,arima_v3,recursive,0.2344755728565485,285.5555758692462,30,596
14,naive,recursive,0.17037796844093178,145.5418930057782,25,601
14,arima_statsmodels,recursive,0.4674701038159962,573.9470140546432,30,596
14,gbm,recursive,0.19445630786805557,197.11076081348818,50,576
14,tft,recursive,0.19445630786805557,197.11076081348818,50,576
14,nbeats,recursive,0.20493778007829183,216.88540133073133,64,562
15,arima_v3,recursive,0.10939640471828878,118.31987109422755,30,596
15,naive,recursive,0.10233782848086523,130.81189487170383,25,601
15,arima_statsmodels,recursive,0.8814399009348836,655.6701421050174,30,596
15,gbm,recursive,0.14674288539930552,89.65765615499787,50,576
15,tft,recursive,0.14674288539930552,89.65765615499787,50,576
15,nbeats,recursive,0.1382987832419929,96.58331568689884,64,562
16,arima_v3,recursive,0.3114422546453255,82.49096236911217,30,596
16,naive,recursive,0.37223974267054905,83.13432131175561,25,601
16,arima_statsmodels,recursive,0.16174220131220501,68.5009751927126,30,596
16,gbm,recursive,0.37258700669791667,77.96142684003996,50,576
16,tft,recursive,0.37258700669791667,77.96142684003996,50,576
16,nbeats,recursive,0.37311183678825627,75.76975962671808,64,562
17,arima_v3,recursive,0.11653945851216439,964.6949755043786,30,596
17,naive,recursive,0.11982651789018305,1013.4957373579526,25,601
17,arima_statsmodels,recursive,0.4576481513601111,1068.2120534523974,30,596
17,gbm,recursive,0.10464811538888891,723.5755823363259,50,576
17,tft,recursive,0.10464811538888891,723.5755823363259,50,576
17,nbeats,recursive,0.10575039387544485,666.9205068283306,64,562
18,arima_v3,recursive,0.3358531903723692,4709.512795471464,30,596
18,naive,recursive,0.1844611515890183,1546.2238165238505,25,601
18,arima_statsmodels,recursive,0.584883412666475,7000.083744795528,30,596
18,gbm,recursive,0.21662204514930553,2271.2889374315396,50,576
18,tft,recursive,0.21662204514930553,2271.2889374315396,50,576
18,nbeats,recursive,0.22504718176690391,2403.9970594126385,64,562
19,arima_v3,recursive,1210626282.9833167,1215175182657.456,30,596
19,naive,recursive,0.25607020262396013,103.70836958483889,25,601
19,arima_statsmodels,recursive,0.6931457957243998,622.9683312862525,30,596
19,gbm,recursive,0.24189607778645833,119.3503570145536,50,576
19,tft,recursive,0.24189607778645833,119.3503570145536,50,576
19,nbeats,recursive,0.23727870970106765,129.69637182684647,64,562
20,arima_v3,recursive,0.05724919918624154,647.6240251283883,30,596
20,naive,recursive,0.05957249093344426,674.3145938439873,25,601
20,arima_statsmodels,recursive,0.11876512524508964,1761.2785226849119,30,596
20,gbm,recursive,0.05133490403645834,563.3907424828619,50,576
20,tft,recursive,0.05133490403645834,563.3907424828619,50,576
20,nbeats,recursive,0.04698652719928827,463.9508367418654,64,562
21,arima_v3,recursive,0.4638609335444631,100.36415285974455,30,596
21,naive,recursive,0.45480734109317805,106.366078905731,25,601
21,arima_statsmodels,recursive,1.1284703942548038,301.49258834654347,30,596
21,gbm,recursive,0.49606224306076385,86.13174617502604,50,576
21,tft,recursive,0.49606224306076385,86.13174617502604,50,576
21,nbeats,recursive,0.5102020356352313,86.65985887240706,64,562
22,arima_v3,recursive,0.1432483456166107,89.88797380698198,30,596
22,naive,recursive,0.14575781476206323,89.14880388960142,25,601
22,arima_statsmodels,recursive,0.3182504615600825,361.6986206743089,30,596
22,gbm,recursive,0.13526409958854166,94.09104711029778,50,576
22,tft,recursive,0.13526409958854166,94.09104711029778,50,576
22,nbeats,recursive,0.1217435993291815,102.39881716100419,64,562
23,arima_v3,recursive,0.07503950162802513,203.5460488473645,30,596
23,naive,recursive,0.07426004917803661,197.061154395684,25,601
23,arima_statsmodels,recursive,0.07636021431077562,187.53973142858698,30,596
23,gbm,recursive,0.07581172456770832,143.13445455627874,50,576
23,tft,recursive,0.07581172456770832,143.13445455627874,50,576
23,nbeats,recursive,0.07714039183985766,105.20059712136676,64,562
24,arima_v3,recursive,0.5740129008758947,187.8707415276926,30,596
24,naive,recursive,0.5347170006722128,141.38373553605558,25,601
24,arima_statsmodels,recursive,1.004467634512183,365.11771225954504,30,596
24,gbm,recursive,0.5362053553211806,117.14972327199972,50,576
24,tft,recursive,0.5362053553211806,117.14972327199972,50,576
24,nbeats,recursive,0.5217305644430604,93.48195593031858,64,562
25,arima_v3,recursive,18099882215.691322,2365378555583.3545,30,596
25,naive,recursive,0.2754340016389351,556.3995464675791,25,601
25,arima_statsmodels,recursive,0.7368426908760747,9669.986899991682,30,596
25,gbm,recursive,0.2566757354965278,205.80309142624515,50,576
25,tft,recursive,0.2566757354965278,205.80309142624515,50,576
25,nbeats,recursive,0.2569734357010676,109.99607523322437,64,562
26,arima_v3,recursive,0.2662934235702698,531.8847462264102,30,596
26,naive,recursive,0.053794821232945086,61.59925546937606,25,601
26,arima_statsmodels,recursive,0.32459760741164373,645.9020979878684,30,596
26,gbm,recursive,0.05111345746701389,62.90780238999183,50,576
26,tft,recursive,0.05111345746701389,62.90780238999183,50,576
26,nbeats,recursive,0.0651552815213523,70.27897233318781,64,562
27,arima_v3,recursive,0.7448239716929529,332.8076224134422,30,596
27,naive,recursive,0.7345964962678869,324.96715543335694,25,601
27,arima_statsmodels,recursive,0.9798405477446428,477.8222818057179,30,596
27,gbm,recursive,0.7830514141267363,359.2413220499943,50,576
27,tft,recursive,0.7830514141267363,359.2413220499943,50,576
27,nbeats,recursive,0.8228995073362989,391.3552707955851,64,562
28,arima_v3,recursive,0.09135750059087987,818.5708857105836,30,596
28,naive,recursive,0.041990323196339434,146.8467151347002,25,601
28,arima_statsmodels,recursive,0.5602753201554248,4576.777223247144,30,596
28,gbm,recursive,0.06431379022048611,543.8166118591577,50,576
28,tft,recursive,0.06431379022048611,543.8166118591577,50,576
28,nbeats,recursive,0.043265882822064054,359.49240502916484,64,562
29,arima_v3,recursive,0.29464091994929176,1049.2975894546917,30,596
29,naive,recursive,0.2724071952612313,873.0348531502127,25,601
29,arima_statsmodels,recursive,0.6231399613794395,2130.876400236966,30,596
29,gbm,recursive,0.25542641895138885,657.0332724970347,50,576
29,tft,recursive,0.25542641895138885,657.0332724970347,50,576
29,nbeats,recursive,0.25075837238967974,574.3585611692296,64,562
30,arima_v3,recursive,1173290218924745.2,2.4072024913822075e+18,30,596
30,naive,recursive,0.07104164512978368,406.033115051268,25,601
30,arima_statsmodels,recursive,0.6373034629192079,6488.5851776092995,30,596
30,gbm,recursive,0.04060869413020834,611.5208461025965,50,576
30,tft,recursive,0.04060869413020834,611.5208461025965,50,576
30,nbeats,recursive,0.04036052609430605,731.596390015275,64,562
31,arima_v3,recursive,0.1640123701042273,329.971179692861,30,596
31,naive,recursive,0.17035312642595676,354.04360691659514,25,601
31,arima_statsmodels,recursive,0.2920759790242344,883.4727843380487,30,596
31,gbm,recursive,0.1679031327326389,335.5247513669577,50,576
31,tft,recursive,0.1679031327326389,335.5247513669577,50,576
31,nbeats,recursive,0.15397188501245554,264.52064828425193,64,562
32,arima_v3,recursive,0.20367541089265948,304.1466654221234,30,596
32,naive,recursive,0.20100928147587355,338.1253105882713,25,601
32,arima_statsmodels,recursive,0.23171128920002523,165.86649898456423,30,596
32,gbm,recursive,0.21194716176909723,275.3850385780935,50,576
32,tft,recursive,0.21194716176909723,275.3850385780935,50,576
32,nbeats,recursive,0.2151558646192171,339.795554158825,64,562
33,arima_v3,recursive,44462248.604073755,24877560413.659252,30,596
33,naive,recursive,0.293776964249584,528.2886619168501,25,601
33,arima_statsmodels,recursive,1.1601884526441584,7900.767648267551,30,596
33,gbm,recursive,0.2521485454982639,137.76885324328293,50,576
33,tft,recursive,0.2521485454982639,137.76885324328293,50,576
33,nbeats,recursive,0.2761596951530249,218.98786445706523,64,562
34,arima_v3,recursive,4.814867164113207e+25,7.833883552323242e+27,30,596
34,naive,recursive,0.899940507642263,111.65951934122062,25,601
34,arima_statsmodels,recursive,5.114612040308744,2444.852567777594,30,596
34,gbm,recursive,0.7984806759496528,393.9255101642084,50,576
34,tft,recursive,0.7984806759496528,393.9255101642084,50,576
34,nbeats,recursive,0.9139145686565836,728.8686292007561,64,562
35,arima_v3,recursive,0.06746858845845993,62.98980461221658,30,596
35,naive,recursive,0.12736459611647255,126.24066659703502,25,601
35,arima_statsmodels,recursive,0.26963256762552945,419.9801735896092,30,596
35,gbm,recursive,0.10802522350173611,86.85680299874838,50,576
35,tft,recursive,0.10802522350173611,86.85680299874838,50,576
35,nbeats,recursive,0.09776351152491104,78.82383372007187,64,562
36,arima_v3,recursive,132.6969604809434,496874.9643482215,30,596
36,naive,recursive,0.19364123263394345,117.73889770760569,25,601
36,arima_statsmodels,recursive,0.0954750775909785,227.5518240642256,30,596
36,gbm,recursive,0.2046980344652778,126.5413942375889,50,576
36,tft,recursive,0.2046980344652778,126.5413942375889,50,576
36,nbeats,recursive,0.2270110611672598,157.37854665103455,64,562
37,arima_v3,recursive,2.0182850767233984e+17,2.1390633853142872e+19,30,596
37,naive,recursive,1.1318909890565725,305.7547579810785,25,601
37,arima_statsmodels,recursive,5.868136621491926,16767.645689023917,30,596
37,gbm,recursive,0.9922884273767362,3702.8227568770217,50,576
37,tft,recursive,0.9922884273767362,3702.8227568770217,50,576
37,nbeats,recursive,1.0268204230533808,5785.67729669022,64,562
38,arima_v3,recursive,4048699.061027155,37804849132.82158,30,596
38,naive,recursive,0.10430414626289518,25019.298425663463,25,601
38,arima_statsmodels,recursive,0.47296731550186766,175842.42241407553,30,596
38,gbm,recursive,0.13432554033506944,39873.53808049477,50,576
38,tft,recursive,0.13432554033506944,39873.53808049477,50,576
38,nbeats,recursive,0.1518236658078292,46869.014246173436,64,562
39,arima_v3,recursive,0.22937172304556572,1940.7635469942802,30,596
39,naive,recursive,0.18727095990183026,1178.6965306405236,25,601
39,arima_statsmodels,recursive,0.53493719174084,5730.870129210953,30,596
39,gbm,recursive,0.21599741848437498,1680.951741854799,50,576
39,tft,recursive,0.21599741848437498,1680.951741854799,50,576
39,nbeats,recursive,0.2173041007544484,1641.704325861436,64,562
40,arima_v3,recursive,0.09967929924748528,122.01621012705729,30,596
40,naive,recursive,0.09553772186688853,135.76335287014356,25,601
40,arima_statsmodels,recursive,0.13454288400043526,296.15351585131236,30,596
40,gbm,recursive,0.10639364827430556,107.33587317730294,50,576
40,tft,recursive,0.10639364827430556,107.33587317730294,50,576
40,nbeats,recursive,0.12637769055516015,142.77276942386385,64,562
2,arima_v3,extrapolation,,,30,50
2,naive,extrapolation,,,25,50
2,arima_statsmodels,extrapolation,,,30,50
2,gbm,extrapolation,,,50,50
2,tft,extrapolation,,,50,50
2,nbeats,extrapolation,,,64,50
